sample_records,accuracy,precision,recall,f1_score,roc_auc
3000,0.093,0.09027081243731194,1.0,0.1655933762649494,0.6580463980463981
