case,sample_row,actual_class,model_probability,shap_probability,absolute_difference
churn,514,1,0.7946002441113401,0.7946002441111881,1.5198953207118393e-13
non_churn,1556,0,0.20004561789908487,0.20004561789892772,1.571520691356909e-13
