model,scenario,default_threshold,selected_threshold,default_net_profit,selected_net_profit,profit_improvement,default_customers_contacted,selected_customers_contacted,default_churn_capture_rate,selected_churn_capture_rate
Azure AutoML selected model,conservative,0.5,1.0,-21219.0,0.0,21219.0,7477,0,0.7730796335447498,0.0
Azure AutoML selected model,expected,0.5,0.33,97704.5,99822.50000000003,2118.000000000029,7477,8326,0.7730796335447498,0.8178294573643411
Azure AutoML selected model,optimistic,0.5,0.14,295612.0,316359.99999999994,20747.99999999994,7477,10162,0.7730796335447498,0.8649283533004464
Random Forest,conservative,0.5,1.0,-48306.0,0.0,48306.0,10972,0,0.8463706835799859,0.0
Random Forest,expected,0.5,0.64,83285.0,93011.50000000003,9726.50000000003,10972,8277,0.8463706835799859,0.7831806436457599
Random Forest,optimistic,0.5,0.53,301347.99999999994,302218.0,870.0000000000582,10972,10195,0.8463706835799859,0.8347427766032417
