{
  "all_checks_passed": true,
  "checks": {
    "prediction_rows_equal_94669": true,
    "manual_roc_auc_gate": true,
    "automl_roc_auc_gate": true,
    "manual_average_precision_gate": true,
    "automl_average_precision_gate": true,
    "customer_overlap_zero": true,
    "psi_non_negative": true,
    "comparison_has_two_models": true
  },
  "manual_test_metrics": {
    "threshold": 0.5,
    "accuracy": 0.9464027295101881,
    "balanced_accuracy": 0.9013293845037066,
    "precision_churn": 0.6567626686110098,
    "recall_churn": 0.8463706835799859,
    "f1_churn": 0.7396079236374833,
    "roc_auc": 0.9654362142124193,
    "average_precision": 0.8426263904730471,
    "log_loss": 0.23032879126441302
  },
  "automl_test_metrics": {
    "threshold": 0.5,
    "accuracy": 0.9701380599773949,
    "balanced_accuracy": 0.8813456899080025,
    "precision_churn": 0.880299585395212,
    "recall_churn": 0.7730796335447498,
    "f1_churn": 0.8232130573447565,
    "roc_auc": 0.975722977010408,
    "average_precision": 0.8913885167956462,
    "log_loss": 0.08963062933917038
  }
}