comparison,model,probability_psi,prediction_drift_severity,reference_mean_probability,current_mean_probability,mean_probability_change,reference_predicted_churn_rate,current_predicted_churn_rate,predicted_churn_rate_change
validation_vs_test,Random Forest,0.0001434258386548873,stable,0.23000418609244747,0.22948840713784613,-0.0005157789546013369,0.1151802596414877,0.11589855179625855,0.0007182921547708443
original_test_vs_simulated_drift,Random Forest,6.390620268812589,significant,0.22948840713784613,0.41260807014145173,0.1831196630036056,0.11589855179625855,0.2991898087018982,0.18329125690563966
