dataset,rows,columns,duplicate_rows,missing_values,churn_rate
training,757348,30,123935,0,0.08994280040351331
validation,94669,30,13714,0,0.08994496614520064
test,94669,30,13500,0,0.08993440302527754
