model,evaluation_split,threshold,accuracy,balanced_accuracy,precision_churn,recall_churn,specificity,f1_churn,f1_weighted,roc_auc,average_precision,log_loss,true_negative,false_positive,false_negative,true_positive,training_seconds
Random Forest,validation,0.5,0.946392166390265,0.8994802762824946,0.6577402787967719,0.8422783323546682,0.956682220210321,0.7386580153457953,0.9493128338073593,0.9657798907147535,0.842678437095207,0.23109702736151094,82422,3732,1343,7172,94.54327194500001
Logistic Regression,validation,0.5,0.9124106095976507,0.8667344725706665,0.5082051659430422,0.8110393423370522,0.9224296028042807,0.6248642779587406,0.9211349723871306,0.941509607582353,0.725213281592832,0.3306815652043209,79471,6683,1609,6906,710.5922722280011
