model,evaluation_split,accuracy,balanced_accuracy,f1_weighted,roc_auc,log_loss
Random Forest,validation,0.946392166390265,0.8994802762824946,0.9493128338073593,0.9657798907147535,0.23109702736151094
Logistic Regression,validation,0.9124106095976507,0.8667344725706665,0.9211349723871306,0.941509607582353,0.3306815652043209
Azure AutoML selected model,validation,0.9695570883816244,0.8802460133284113,0.9686842899072603,0.9750967245950936,0.09077888210143659
