model,evaluation_split,accuracy,balanced_accuracy,f1_weighted,roc_auc,log_loss
Random Forest,validation,0.946392166390265,0.8994802762824946,0.9493128338073593,0.9657798907147535,0.23109702736151094
Logistic Regression,validation,0.9124106095976507,0.8667344725706665,0.9211349723871306,0.941509607582353,0.3306815652043209
Azure AutoML Voting Ensemble,validation,0.9696521564609323,0.8773349300589444,0.9686698145453719,0.9755475621359988,0.09255700745932632
