model,evaluation_split,threshold,accuracy,balanced_accuracy,precision_churn,recall_churn,specificity,f1_churn,f1_weighted,roc_auc,average_precision,log_loss,true_negative,false_positive,false_negative,true_positive,training_seconds
Random Forest,test,0.5,0.9464027295101881,0.9013293845037066,0.6567626686110098,0.8463706835799859,0.9562880854274273,0.7396079236374833,0.9493953444504603,0.9654362142124193,0.8426263904730471,0.23032879126441305,82389,3766,1308,7206,
Azure AutoML Voting Ensemble,test,0.5,0.9700641181379333,0.8783413601363403,0.885241454150841,0.7665022316185107,0.9901804886541699,0.8216039279869067,0.9690866630659105,0.9759427954110873,0.8921715832698465,0.0916335548084583,85309,846,1988,6526,
