model,evaluation_split,threshold,accuracy,balanced_accuracy,precision_churn,recall_churn,specificity,f1_churn,f1_weighted,roc_auc,average_precision,log_loss,true_negative,false_positive,false_negative,true_positive,training_seconds
Random Forest,test,0.5,0.9464027295101881,0.9013293845037066,0.6567626686110098,0.8463706835799859,0.9562880854274273,0.7396079236374833,0.9493953444504603,0.9654362142124193,0.8426263904730471,0.23032879126441305,82389,3766,1308,7206,
Azure AutoML selected model,test,0.5,0.9701380599773949,0.8813456899080025,0.880299585395212,0.7730796335447498,0.9896117462712553,0.8232130573447565,0.9692591221952005,0.975722977010408,0.8913885167956463,0.08963062933917039,85260,895,1932,6582,
