model,metric,lower_95,median,upper_95
Random Forest,roc_auc,0.9632970837601723,0.9654176910604884,0.9674673503930548
Random Forest,average_precision,0.8345761548751099,0.842659498481294,0.8501540470330857
Random Forest,f1_churn,0.7312770735440528,0.7399355307169185,0.7465997717922735
Azure AutoML selected model,roc_auc,0.974206621793488,0.9757035663077862,0.9771650029973505
Azure AutoML selected model,average_precision,0.8861218730390531,0.8911713872947222,0.8961030276304133
Azure AutoML selected model,f1_churn,0.8172771771823312,0.8228514473701856,0.8283213901973682
